SHML01,0,1,2,3,4,5,6,7,8,9,10,11,12,13,14,15,16,17,18,19,20,21,22,23,24,25,26,27
SHML02,28,29,30,31,32,33,34,35,36,37,38,12,39,40,41,42,43,44,45,46,47,48,49,50,51,52,53,54,55,56
SHML03,4,57,58,59,60,61,62,35,63,64,65,66,15,67,68,69,70,71,72,73,74,75,76,77,78,79,80,81,82
SHML04,60,6,83,84,85,86,87,88,89,90,91,42,92,93,94,95,96,67,15,66,65,64,63,35,62,61,60
SHML05,0,97,98,99,100,101,102,103,104,105,106
SHML06,107,108,109,110,111,112,113,114,115,116,117,118,119,120,121,122,42,123,90,124,125,126,127,128,129,130,131,132
SHML07,133,45,134,135,136,126,137,138,139,140,141,84,142,9,37,143,144,65,145,146,147,148,149,150,151,152,153,154,155,156,157,158,159
SHML08,160,161,162,163,164,165,132,166,167,138,168,87,169,170,171,12,172,173,174,69,175,176,177,178,179,180,181,182,183,184
SHML09,185,42,186,187,169,188,189,190,142,7,60,191,192,193,194,195,196,197,198,199,200,201,202,203,204,205
SHML10,206,207,208,209,210,211,212,176,213,96,214,215,39,216,170,217,10,218,219,61,220,221,222,223,224,225,226,227,228,30,29
SHML11,229,230,231,232,233,132,234,235,236,237,7,219,36,238,64,239,240,241,242,243,244,245,246,247,248,249,250,251,252,253,254,255,256,257,258
SHML12,172,215,259,260,94,261,262,263,264,265,266,114,267,268,269,270
SHML13,271,272,273,274,275,63
SHML16,229,276,277,278,279,280,281,282,283,284,285
SHML22,4,286,287,288,289,290,291,292
SHMLCF,45,56
SHMLZJ,293,294,295,296,297,298,299,300,301,302,303,304,305,306,307
SHWL01,46,293