0,0,1,2,1300,0,0,0,0,0,248,0,240
10,0,97,2,1600,1,1,1,1,249,403,241,395
1,1,0,2,1300,2,2,2,2,404,655,396,639
0,1,2,2,1500,3,3,3,3,656,904,640,880
1,2,1,2,1500,4,4,4,4,905,1156,881,1124
0,2,3,3,1600,5,5,5,5,1157,1405,1125,1365
1,3,2,3,1600,6,6,6,6,1406,1657,1366,1609
0,3,4,3,2100,7,11,7,7,1658,1906,1610,1850
1,4,3,3,2100,12,12,8,12,1907,2158,1851,2094
0,4,5,2,1500,13,13,13,17,2159,2411,2095,2339
6,4,57,2,1200,14,14,18,22,2412,2562,2340,2480
34,4,286,9,12000,15,15,23,25,2563,2581,2481,2494
36,4,287,12,15500,16,16,26,28,-1,-1,2495,2496
38,4,292,32,56400,-1,-1,29,31,2582,2598,2497,2516
1,5,4,2,1500,17,21,32,32,2599,2850,2517,2760
0,5,6,3,1600,22,24,33,33,2851,3103,2761,3005
1,6,5,3,1600,25,25,34,36,3104,3355,3006,3249
0,6,7,2,1100,26,32,37,39,3356,3608,3250,3494
9,6,60,2,1100,33,37,40,42,3609,3736,3495,3628
8,6,83,2,700,38,38,43,45,3737,3864,3629,3762
1,7,6,2,1100,39,41,46,52,3865,4116,3763,4006
0,7,8,2,1600,42,42,53,59,4117,4369,4007,4251
18,7,60,3,1500,43,47,60,66,4370,4540,4252,4412
19,7,142,3,1400,48,50,67,73,4541,4707,4413,4565
24,7,219,3,1000,51,55,74,78,4708,4809,4566,4639
26,7,219,3,1000,56,60,79,83,4810,4910,4640,4712
25,7,237,3,2000,61,61,84,88,4911,5008,4713,4783
27,7,237,3,2000,62,62,89,93,5009,5105,4784,4853
1,8,7,2,1600,63,69,94,94,5106,5357,4854,5097
0,8,9,2,1200,70,72,95,95,5358,5610,5098,5342
1,9,8,2,1200,73,73,96,98,5611,5862,5343,5586
0,9,10,2,900,74,78,99,101,5863,6115,5587,5831
14,9,37,2,1100,79,81,102,104,6116,6316,5832,6032
15,9,142,3,1600,82,84,105,107,6317,6515,6033,6233
1,10,9,2,900,85,87,108,112,6516,6767,6234,6477
0,10,11,3,1400,88,88,113,117,6768,7020,6478,6722
21,10,217,3,1500,89,89,118,120,7021,7112,6723,6814
23,10,217,3,1500,90,90,121,123,7113,7202,6815,6904
20,10,218,2,1000,91,91,124,126,7203,7294,6905,6996
22,10,218,2,1000,92,92,127,129,7295,7386,6997,7088
1,11,10,3,1400,93,97,130,130,7387,7638,7089,7332
0,11,12,3,1500,98,102,131,131,7639,7891,7333,7577
1,12,11,3,1500,103,103,132,136,7892,8143,7578,7821
0,12,13,1,1000,104,104,137,141,8144,8396,7822,8066
3,12,38,3,1400,105,105,142,146,8397,8629,8067,8309
2,12,39,2,1100,106,110,147,151,8630,8864,8310,8552
17,12,171,2,700,111,111,152,156,8865,9103,8553,8747
16,12,172,2,1100,112,113,157,161,9104,9342,8748,8942
1,13,12,1,1000,114,118,162,162,9343,9594,8943,9186
0,13,14,2,900,119,119,163,163,9595,9847,9187,9431
1,14,13,2,900,120,120,164,164,9848,10099,9432,9675
0,14,15,3,800,121,125,165,165,10100,10352,9676,9920
1,15,14,3,800,126,126,166,170,10353,10604,9921,10164
0,15,16,2,1500,127,127,171,175,10605,10731,10165,10287
7,15,66,3,1800,128,128,176,178,10732,10884,10288,10428
8,15,66,3,1800,129,129,179,181,10885,11012,10429,10562
6,15,67,4,1900,130,131,182,184,11013,11163,10563,10703
9,15,67,4,1900,132,133,185,187,11164,11291,10704,10837
1,16,15,2,1500,134,138,188,188,11292,11416,10838,10958
0,16,17,3,1500,139,139,189,189,11417,11543,10959,11081
1,17,16,3,1500,140,140,190,190,11544,11668,11082,11202
0,17,18,2,900,141,141,191,191,11669,11795,11203,11325
1,18,17,2,900,142,142,192,192,11796,11920,11326,11446
0,18,19,2,1600,143,143,193,193,11921,12047,11447,11569
1,19,18,2,1600,144,144,194,194,12048,12172,11570,11690
0,19,20,3,1500,145,145,195,195,12173,12299,11691,11813
1,20,19,3,1500,146,146,196,196,12300,12424,11814,11934
0,20,21,3,1300,147,147,197,197,12425,12551,11935,12057
1,21,20,3,1300,148,148,198,198,12552,12676,12058,12178
0,21,22,2,1500,149,149,199,199,12677,12803,12179,12301
1,22,21,2,1500,150,150,200,200,12804,12928,12302,12422
0,22,23,3,1100,151,151,201,201,12929,13055,12423,12545
1,23,22,3,1100,152,152,202,202,13056,13180,12546,12666
0,23,24,2,1700,153,153,203,203,13181,13307,12667,12789
1,24,23,2,1700,154,154,204,204,13308,13432,12790,12910
0,24,25,3,1600,155,155,205,205,13433,13559,12911,13033
1,25,24,3,1600,156,156,206,206,13560,13684,13034,13154
0,25,26,2,1400,157,157,207,207,13685,13811,13155,13277
1,26,25,2,1400,158,158,208,208,13812,13936,13278,13398
0,26,27,2,1300,-1,-1,209,209,13937,14063,13399,13521
1,27,26,2,1300,159,159,-1,-1,14064,14188,13522,13642
2,28,29,3,1900,160,161,-1,-1,14189,14305,13643,13763
3,29,28,3,1900,-1,-1,210,211,14306,14423,13764,13886
2,29,30,2,1400,162,163,212,212,14424,14542,13887,14009
23,29,30,2,1400,164,165,213,213,14543,14632,14010,14099
3,30,29,2,1400,166,166,214,215,14633,14750,14100,14222
22,30,29,2,1400,167,167,216,217,14751,14842,14223,14314
2,30,31,7,5800,168,168,218,220,14843,14961,14315,14437
23,30,228,4,1600,169,169,221,223,14962,15051,14438,14527
3,31,30,7,5800,170,172,224,224,15052,15169,14528,14650
2,31,32,2,1400,173,173,225,225,15170,15404,14651,14893
3,32,31,2,1400,174,174,226,226,15405,15637,14894,15136
2,32,33,2,1200,175,175,227,227,15638,15872,15137,15379
3,33,32,2,1200,176,176,228,228,15873,16105,15380,15622
2,33,34,3,1700,177,177,229,229,16106,16340,15623,15865
3,34,33,3,1700,178,178,230,230,16341,16573,15866,16108
2,34,35,3,1600,179,183,231,231,16574,16808,16109,16351
3,35,34,3,1600,184,184,232,236,16809,17041,16352,16594
2,35,36,2,1300,185,189,237,241,17042,17276,16595,16837
7,35,62,2,1000,190,190,242,244,17277,17429,16838,16978
8,35,62,2,1000,191,191,245,247,17430,17557,16979,17112
6,35,63,3,1600,192,193,248,250,17558,17708,17113,17253
9,35,63,3,1600,194,195,251,253,17709,17836,17254,17387
3,36,35,2,1300,196,200,254,258,17837,18069,17388,17630
2,36,37,3,1600,201,203,259,263,18070,18304,17631,17873
25,36,219,3,2000,204,208,264,266,18305,18402,17874,17944
27,36,219,3,2000,209,213,267,269,18403,18499,17945,18014
24,36,238,3,1400,214,214,270,272,18500,18602,18015,18089
26,36,238,3,1400,215,215,273,275,18603,18704,18090,18163
15,37,9,2,1100,216,218,276,278,18705,18903,18164,18364
3,37,36,3,1600,219,223,279,281,18904,19136,18365,18607
2,37,38,2,1500,224,224,282,284,19137,19371,18608,18850
14,37,143,3,1500,225,225,285,287,19372,19572,18851,19051
2,38,12,3,1400,226,230,288,288,19573,19807,19052,19294
3,38,37,2,1500,231,233,289,289,19808,20040,19295,19537
3,39,12,2,1100,234,238,290,294,20041,20273,19538,19780
2,39,40,3,1800,239,239,295,299,20274,20508,19781,20023
21,39,215,2,1000,240,242,300,302,20509,20600,20024,20115
23,39,215,2,1000,243,245,303,305,20601,20690,20116,20205
20,39,216,3,1500,246,246,306,308,20691,20782,20206,20297
22,39,216,3,1500,247,247,309,311,20783,20874,20298,20389
3,40,39,3,1800,248,252,312,312,20875,21107,20390,20632
2,40,41,2,1400,253,253,313,313,21108,21342,20633,20875
3,41,40,2,1400,254,254,314,314,21343,21575,20876,21118
2,41,42,2,1100,255,261,315,315,21576,21810,21119,21361
3,42,41,2,1100,262,262,316,322,21811,22043,21362,21604
2,42,43,3,2000,263,263,323,329,22044,22278,21605,21847
9,42,91,2,1000,264,264,330,336,22279,22406,21848,21981
8,42,92,3,1400,265,265,337,343,22407,22534,21982,22115
13,42,122,2,1000,266,266,344,350,22535,22748,22116,22320
12,42,123,3,1000,267,267,351,357,22749,22962,22321,22525
19,42,185,4,2400,-1,-1,358,364,22963,23129,22526,22678
18,42,186,2,1100,268,268,365,371,23130,23300,22679,22839
3,43,42,3,2000,269,275,372,372,23301,23533,22840,23082
2,43,44,2,1300,276,276,373,373,23534,23768,23083,23325
3,44,43,2,1300,277,277,374,374,23769,24001,23326,23568
2,44,45,2,1200,278,281,375,375,24002,24236,23569,23811
3,45,44,2,1200,282,282,376,379,24237,24469,23812,24054
2,45,46,4,2600,283,284,380,383,24470,24702,24055,24295
40,45,56,8,32000,285,285,384,387,24703,24760,24296,24353
15,45,133,3,1500,-1,-1,388,391,24761,24959,24354,24554
14,45,134,2,1200,286,286,392,395,24960,25160,24555,24755
3,46,45,4,2600,287,290,396,397,25161,25391,24756,24996
2,46,47,3,1600,291,291,398,399,25392,25624,24997,25237
44,46,293,6,360,292,292,400,401,-1,-1,-1,-1
3,47,46,3,1600,293,294,402,402,25625,25855,25238,25478
2,47,48,3,1700,295,295,403,403,25856,26088,25479,25719
3,48,47,3,1700,296,296,404,404,26089,26319,25720,25960
4,48,49,4,3600,297,297,405,405,26320,26449,25961,26092
5,49,48,4,3600,298,298,406,406,26450,26576,26093,26221
4,49,50,4,1400,299,299,407,407,26577,26706,26222,26353
5,50,49,4,1400,300,300,408,408,26707,26833,26354,26482
4,50,51,3,1900,301,301,409,409,26834,26963,26483,26614
5,51,50,3,1900,302,302,410,410,26964,27090,26615,26743
4,51,52,4,3800,303,303,411,411,27091,27220,26744,26875
5,52,51,4,3800,304,304,412,412,27221,27347,26876,27004
4,52,53,4,1900,305,305,413,413,27348,27477,27005,27136
5,53,52,4,1900,306,306,414,414,27478,27604,27137,27265
4,53,54,5,2900,307,307,415,415,27605,27734,27266,27397
5,54,53,5,2900,308,308,416,416,27735,27861,27398,27526
4,54,55,6,4800,309,309,417,417,27862,27988,27527,27655
5,55,54,6,4800,310,310,418,418,27989,28115,27656,27784
4,55,56,3,1700,311,311,419,419,28116,28242,27785,27913
41,56,45,8,32000,312,315,420,420,28243,28299,27914,27970
5,56,55,3,1700,316,316,421,421,28300,28426,27971,28099
7,57,4,2,1200,317,321,422,422,28427,28579,28100,28240
6,57,58,3,1800,322,322,423,423,28580,28730,28241,28381
7,58,57,3,1800,323,323,424,424,28731,28883,28382,28522
6,58,59,2,1000,324,324,425,425,28884,29034,28523,28663
7,59,58,2,1000,325,325,426,426,29035,29187,28664,28804
6,59,60,3,1500,326,330,427,427,29188,29338,28805,28945
8,60,6,2,1100,331,333,428,432,29339,29466,28946,29079
19,60,7,3,1500,334,340,433,437,29467,29633,29080,29232
7,60,59,3,1500,341,341,438,442,29634,29786,29233,29373
6,60,61,3,1400,342,346,443,446,29787,29937,29374,29514
9,60,61,3,1400,347,351,447,450,29938,30065,29515,29648
18,60,191,3,1700,352,352,451,455,30066,30236,29649,29809
7,61,60,3,1400,353,356,456,460,30237,30389,29810,29950
8,61,60,3,1400,357,360,461,465,30390,30517,29951,30084
6,61,62,3,1500,361,361,466,470,30518,30668,30085,30225
9,61,62,3,1500,362,362,471,475,30669,30796,30226,30359
21,61,219,2,1000,363,367,476,480,30797,30888,30360,30451
23,61,219,2,1000,368,372,481,485,30889,30978,30452,30541
20,61,220,2,1000,373,373,486,490,30979,31070,30542,30633
22,61,220,2,1000,374,374,491,495,31071,31162,30634,30725
6,62,35,2,1000,375,377,496,496,31163,31313,30726,30866
9,62,35,2,1000,378,380,497,497,31314,31441,30867,31000
7,62,61,3,1500,381,385,498,498,31442,31594,31001,31141
8,62,61,3,1500,386,390,499,499,31595,31722,31142,31275
7,63,35,3,1600,391,393,500,501,31723,31875,31276,31416
8,63,35,3,1600,394,396,502,503,31876,32003,31417,31550
6,63,64,2,1000,397,401,504,505,32004,32154,31551,31691
9,63,64,2,1000,402,406,506,507,32155,32282,31692,31825
31,63,275,6,3200,407,407,508,511,32283,32380,31826,31923
7,64,63,2,1000,408,409,512,516,32381,32533,31924,32064
8,64,63,2,1000,410,411,517,521,32534,32661,32065,32198
6,64,65,3,1300,412,414,522,526,32662,32812,32199,32339
9,64,65,3,1300,415,417,527,531,32813,32940,32340,32473
25,64,238,2,1000,418,418,532,536,32941,33038,32474,32544
27,64,238,2,1000,419,419,537,541,33039,33135,32545,32614
24,64,239,2,800,420,420,542,546,33136,33238,32615,32689
26,64,239,2,800,421,421,547,551,33239,33340,32690,32763
7,65,64,3,1300,422,426,552,554,33341,33493,32764,32904
8,65,64,3,1300,427,431,555,557,33494,33621,32905,33038
6,65,66,2,1500,432,432,558,560,33622,33772,33039,33179
9,65,66,2,1500,433,433,561,563,33773,33900,33180,33313
15,65,144,2,1000,434,434,564,568,33901,34099,33314,33514
14,65,145,3,1300,435,435,569,573,34100,34300,33515,33715
6,66,15,3,1800,436,438,574,574,34301,34451,33716,33856
9,66,15,3,1800,439,441,575,575,34452,34579,33857,33990
7,66,65,2,1500,442,444,576,576,34580,34732,33991,34131
8,66,65,2,1500,445,447,577,577,34733,34860,34132,34265
7,67,15,4,1900,448,450,578,579,34861,35013,34266,34406
8,67,15,4,1900,451,453,580,581,35014,35141,34407,34540
6,67,68,3,1100,454,454,582,584,35142,35292,34541,34681
9,67,96,3,1500,455,459,585,587,35293,35420,34682,34815
7,68,67,3,1100,460,462,588,588,35421,35573,34816,34956
6,68,69,2,1100,463,465,589,589,35574,35724,34957,35097
7,69,68,2,1100,466,466,590,592,35725,35877,35098,35238
6,69,70,3,1400,467,467,593,595,35878,36028,35239,35379
17,69,174,2,1200,468,468,596,598,36029,36267,35380,35574
16,69,175,3,1500,469,469,599,601,36268,36506,35575,35769
7,70,69,3,1400,470,472,602,602,36507,36659,35770,35910
6,70,71,3,900,473,473,603,603,36660,36810,35911,36051
7,71,70,3,900,474,474,604,604,36811,36963,36052,36192
6,71,72,3,1700,475,475,605,605,36964,37114,36193,36333
7,72,71,3,1700,476,476,606,606,37115,37267,36334,36474
6,72,73,3,1700,477,477,607,607,37268,37418,36475,36615
7,73,72,3,1700,478,478,608,608,37419,37571,36616,36756
6,73,74,2,1400,479,479,609,609,37572,37722,36757,36897
7,74,73,2,1400,480,480,610,610,37723,37875,36898,37038
6,74,75,4,1700,481,481,611,611,37876,37941,37039,37109
7,75,74,4,1700,482,482,612,612,37942,38008,37110,37180
6,75,76,2,2100,483,483,613,613,38009,38074,37181,37251
7,76,75,2,2100,484,484,614,614,38075,38141,37252,37322
6,76,77,3,1000,485,485,615,615,38142,38207,37323,37393
7,77,76,3,1000,486,486,616,616,38208,38274,37394,37464
6,77,78,2,1300,487,487,617,617,38275,38340,37465,37535
7,78,77,2,1300,488,488,618,618,38341,38407,37536,37606
6,78,79,3,1800,489,489,619,619,38408,38473,37607,37677
7,79,78,3,1800,490,490,620,620,38474,38540,37678,37748
6,79,80,2,900,491,491,621,621,38541,38606,37749,37819
7,80,79,2,900,492,492,622,622,38607,38673,37820,37890
6,80,81,3,1700,493,493,623,623,38674,38739,37891,37961
7,81,80,3,1700,494,494,624,624,38740,38806,37962,38032
6,81,82,3,2200,-1,-1,625,625,38807,38872,38033,38103
7,82,81,3,2200,495,495,-1,-1,38873,38939,38104,38174
9,83,6,2,700,496,498,626,626,38940,39067,38175,38308
8,83,84,2,1200,499,501,627,627,39068,39195,38309,38442
9,84,83,2,1200,502,502,628,630,39196,39323,38443,38576
8,84,85,3,900,503,503,631,633,39324,39451,38577,38710
15,84,141,2,1100,504,504,634,636,39452,39650,38711,38911
14,84,142,2,1100,505,507,637,639,39651,39851,38912,39112
9,85,84,3,900,508,510,640,640,39852,39979,39113,39246
8,85,86,2,1100,511,511,641,641,39980,40107,39247,39380
9,86,85,2,1100,512,512,642,642,40108,40235,39381,39514
8,86,87,3,1600,513,515,643,643,40236,40363,39515,39648
9,87,86,3,1600,516,516,644,646,40364,40491,39649,39782
8,87,88,2,1200,517,517,647,649,40492,40619,39783,39916
17,87,168,3,1900,518,518,650,652,40620,40858,39917,40111
16,87,169,2,1300,519,521,653,655,40859,41097,40112,40306
9,88,87,2,1200,522,524,656,656,41098,41225,40307,40440
8,88,89,3,2300,525,525,657,657,41226,41353,40441,40574
9,89,88,3,2300,526,526,658,658,41354,41481,40575,40708
8,89,90,3,1100,527,529,659,659,41482,41609,40709,40842
9,90,89,3,1100,530,530,660,662,41610,41737,40843,40976
8,90,91,2,1200,531,531,663,665,41738,41865,40977,41110
13,90,123,2,900,532,532,666,668,41866,42079,41111,41315
12,90,124,3,1000,533,533,669,671,42080,42293,41316,41520
8,91,42,2,1000,534,540,672,672,42294,42421,41521,41654
9,91,90,2,1200,541,543,673,673,42422,42549,41655,41788
9,92,42,3,1400,544,550,674,674,42550,42677,41789,41922
8,92,93,3,1400,551,551,675,675,42678,42805,41923,42056
9,93,92,3,1400,552,552,676,676,42806,42933,42057,42190
8,93,94,2,800,553,555,677,677,42934,43061,42191,42324
9,94,93,2,800,556,556,678,680,43062,43189,42325,42458
8,94,95,3,1300,557,557,681,683,43190,43317,42459,42592
29,94,260,2,1100,558,558,684,686,43318,43414,42593,42695
28,94,261,2,1500,559,559,687,689,43415,43537,42696,42800
9,95,94,3,1300,560,562,690,690,43538,43665,42801,42934
8,95,96,2,1100,563,567,691,691,43666,43793,42935,43068
8,96,67,3,1500,568,570,692,696,43794,43921,43069,43202
9,96,95,2,1100,571,571,697,701,43922,44049,43203,43336
21,96,213,2,1000,572,572,702,704,44050,44141,43337,43428
23,96,213,2,1000,573,573,705,707,44142,44231,43429,43518
20,96,214,3,1500,574,574,708,710,44232,44323,43519,43610
22,96,214,3,1500,575,575,711,713,44324,44415,43611,43702
11,97,0,2,1600,576,576,714,714,44416,44566,43703,43853
10,97,98,2,1500,577,577,715,715,44567,44721,43854,44008
11,98,97,2,1500,578,578,716,716,44722,44872,44009,44159
10,98,99,4,2400,579,579,717,717,44873,45027,44160,44314
11,99,98,4,2400,580,580,718,718,45028,45178,44315,44465
10,99,100,3,2600,581,581,719,719,45179,45333,44466,44620
11,100,99,3,2600,582,582,720,720,45334,45484,44621,44771
10,100,101,3,2100,583,583,721,721,45485,45639,44772,44926
11,101,100,3,2100,584,584,722,722,45640,45790,44927,45077
10,101,102,2,1100,585,585,723,723,45791,45945,45078,45232
11,102,101,2,1100,586,586,724,724,45946,46096,45233,45383
10,102,103,3,1400,587,587,725,725,46097,46251,45384,45538
11,103,102,3,1400,588,588,726,726,46252,46402,45539,45689
10,103,104,2,1700,589,589,727,727,46403,46557,45690,45844
11,104,103,2,1700,590,590,728,728,46558,46708,45845,45995
10,104,105,3,1300,591,591,729,729,46709,46863,45996,46150
11,105,104,3,1300,592,592,730,730,46864,47014,46151,46301
10,105,106,2,1400,-1,-1,731,731,47015,47169,46302,46456
11,106,105,2,1400,593,593,-1,-1,47170,47320,46457,46607
12,107,108,2,1600,594,594,-1,-1,47321,47423,46608,46710
13,108,107,2,1600,-1,-1,732,732,47424,47526,46711,46813
12,108,109,3,1900,595,595,733,733,47527,47629,46814,46916
13,109,108,3,1900,596,596,734,734,47630,47732,46917,47019
12,109,110,3,1800,597,597,735,735,47733,47835,47020,47122
13,110,109,3,1800,598,598,736,736,47836,47938,47123,47225
12,110,111,3,500,599,599,737,737,47939,48041,47226,47328
13,111,110,3,500,600,600,738,738,48042,48144,47329,47431
12,111,112,2,2300,601,601,739,739,48145,48247,47432,47534
13,112,111,2,2300,602,602,740,740,48248,48350,47535,47637
12,112,113,2,1100,603,603,741,741,48351,48453,47638,47740
13,113,112,2,1100,604,604,742,742,48454,48556,47741,47843
12,113,114,2,1600,605,607,743,743,48557,48659,47844,47946
13,114,113,2,1600,608,608,744,746,48660,48762,47947,48049
12,114,115,2,1000,609,609,747,749,48763,48976,48050,48254
29,114,266,3,1100,610,610,750,752,48977,49097,48255,48357
28,114,267,2,1500,611,611,753,755,49098,49196,48358,48462
13,115,114,2,1000,612,614,756,756,49197,49410,48463,48667
12,115,116,3,700,615,615,757,757,49411,49624,48668,48872
13,116,115,3,700,616,616,758,758,49625,49838,48873,49077
12,116,117,2,1000,617,617,759,759,49839,50052,49078,49282
13,117,116,2,1000,618,618,760,760,50053,50266,49283,49487
12,117,118,2,900,619,619,761,761,50267,50480,49488,49692
13,118,117,2,900,620,620,762,762,50481,50694,49693,49897
12,118,119,3,1100,621,621,763,763,50695,50908,49898,50102
13,119,118,3,1100,622,622,764,764,50909,51122,50103,50307
12,119,120,2,1400,623,623,765,765,51123,51336,50308,50512
13,120,119,2,1400,624,624,766,766,51337,51550,50513,50717
12,120,121,2,900,625,625,767,767,51551,51764,50718,50922
13,121,120,2,900,626,626,768,768,51765,51978,50923,51127
12,121,122,3,900,627,627,769,769,51979,52192,51128,51332
12,122,42,2,1000,628,634,770,770,52193,52406,51333,51537
13,122,121,3,900,635,635,771,771,52407,52620,51538,51742
13,123,42,3,1000,636,642,772,772,52621,52834,51743,51947
12,123,90,2,900,643,645,773,773,52835,53048,51948,52152
13,124,90,3,1000,646,648,774,774,53049,53262,52153,52357
12,124,125,2,1400,649,649,775,775,53263,53476,52358,52562
13,125,124,2,1400,650,650,776,776,53477,53690,52563,52767
12,125,126,3,1200,651,653,777,777,53691,53904,52768,52972
13,126,125,3,1200,654,654,778,780,53905,54118,52973,53177
12,126,127,2,1400,655,655,781,783,54119,54332,53178,53382
15,126,136,3,1400,656,656,784,786,54333,54531,53383,53583
14,126,137,2,1100,657,657,787,789,54532,54732,53584,53784
13,127,126,2,1400,658,660,790,790,54733,54946,53785,53989
12,127,128,3,1600,661,661,791,791,54947,55160,53990,54194
13,128,127,3,1600,662,662,792,792,55161,55374,54195,54399
12,128,129,2,800,663,663,793,793,55375,55477,54400,54502
13,129,128,2,800,664,664,794,794,55478,55580,54503,54605
12,129,130,2,1300,665,665,795,795,55581,55683,54606,54708
13,130,129,2,1300,666,666,796,796,55684,55786,54709,54811
12,130,131,2,1200,667,667,797,797,55787,55889,54812,54914
13,131,130,2,1200,668,668,798,798,55890,55992,54915,55017
12,131,132,2,1500,669,674,799,799,55993,56095,55018,55120
13,132,131,2,1500,675,675,800,805,56096,56198,55121,55223
17,132,165,4,2000,676,676,806,811,56199,56318,55224,55321
16,132,166,2,1100,677,677,812,817,56319,56557,55322,55516
25,132,233,5,3000,678,678,818,821,56558,56655,55517,55587
27,132,233,5,3000,679,679,822,825,56656,56752,55588,55657
24,132,234,3,2000,680,680,826,829,56753,56854,55658,55731
26,132,234,3,2000,681,681,830,833,56855,56955,55732,55804
14,133,45,3,1500,682,685,-1,-1,56956,57156,55805,56005
15,134,45,2,1200,686,689,834,834,57157,57355,56006,56206
14,134,135,3,1500,690,690,835,835,57356,57556,56207,56407
15,135,134,3,1500,691,691,836,836,57557,57755,56408,56608
14,135,136,2,1700,692,692,837,837,57756,57956,56609,56809
14,136,126,3,1400,693,695,838,838,57957,58157,56810,57010
15,136,135,2,1700,696,696,839,839,58158,58356,57011,57211
15,137,126,2,1100,697,699,840,840,58357,58555,57212,57412
14,137,138,2,1100,700,702,841,841,58556,58756,57413,57613
15,138,137,2,1100,703,703,842,844,58757,58955,57614,57814
14,138,139,2,1100,704,704,845,847,58956,59156,57815,58015
17,138,167,2,800,705,705,848,850,59157,59395,58016,58210
16,138,168,2,900,706,706,851,853,59396,59634,58211,58405
15,139,138,2,1100,707,709,854,854,59635,59833,58406,58606
14,139,140,2,1200,710,710,855,855,59834,60034,58607,58807
15,140,139,2,1200,711,711,856,856,60035,60233,58808,59008
14,140,141,3,2100,712,712,857,857,60234,60434,59009,59209
14,141,84,2,1100,713,715,858,858,60435,60635,59210,59410
15,141,140,3,2100,716,716,859,859,60636,60834,59411,59611
18,142,7,3,1400,717,723,860,862,60835,61005,59612,59772
14,142,9,3,1600,724,726,863,865,61006,61206,59773,59973
15,142,84,2,1100,727,729,866,868,61207,61405,59974,60174
19,142,190,2,1000,730,730,869,871,61406,61572,60175,60327
15,143,37,3,1500,731,733,872,872,61573,61771,60328,60528
14,143,144,2,1100,734,734,873,873,61772,61972,60529,60729
14,144,65,2,1000,735,739,874,874,61973,62173,60730,60930
15,144,143,2,1100,740,740,875,875,62174,62372,60931,61131
15,145,65,3,1300,741,745,876,876,62373,62571,61132,61332
14,145,146,2,1000,746,746,877,877,62572,62772,61333,61533
15,146,145,2,1000,747,747,878,878,62773,62971,61534,61734
14,146,147,2,1400,748,748,879,879,62972,63172,61735,61935
15,147,146,2,1400,749,749,880,880,63173,63371,61936,62136
14,147,148,2,1000,750,750,881,881,63372,63572,62137,62337
15,148,147,2,1000,751,751,882,882,63573,63771,62338,62538
14,148,149,2,1000,752,752,883,883,63772,63972,62539,62739
15,149,148,2,1000,753,753,884,884,63973,64171,62740,62940
14,149,150,3,1500,754,754,885,885,64172,64372,62941,63141
15,150,149,3,1500,755,755,886,886,64373,64571,63142,63342
14,150,151,2,1300,756,756,887,887,64572,64772,63343,63543
15,151,150,2,1300,757,757,888,888,64773,64971,63544,63744
14,151,152,2,2300,758,758,889,889,64972,65172,63745,63945
15,152,151,2,2300,759,759,890,890,65173,65371,63946,64146
14,152,153,2,1200,760,760,891,891,65372,65572,64147,64347
15,153,152,2,1200,761,761,892,892,65573,65771,64348,64548
14,153,154,2,1300,762,762,893,893,65772,65972,64549,64749
15,154,153,2,1300,763,763,894,894,65973,66171,64750,64950
14,154,155,4,2300,764,764,895,895,66172,66272,64951,65051
15,155,154,4,2300,765,765,896,896,66273,66371,65052,65151
14,155,156,3,1700,766,766,897,897,66372,66472,65152,65252
15,156,155,3,1700,767,767,898,898,66473,66571,65253,65352
14,156,157,2,1200,768,768,899,899,66572,66672,65353,65453
15,157,156,2,1200,769,769,900,900,66673,66771,65454,65553
14,157,158,4,2300,770,770,901,901,66772,66872,65554,65654
15,158,157,4,2300,771,771,902,902,66873,66971,65655,65754
14,158,159,2,1200,-1,-1,903,903,66972,67072,65755,65855
15,159,158,2,1200,772,772,-1,-1,67073,67171,65856,65955
16,160,161,2,1400,773,773,-1,-1,67172,67291,65956,66053
17,161,160,2,1400,-1,-1,904,904,67292,67411,66054,66151
16,161,162,2,1100,774,774,905,905,67412,67531,66152,66249
17,162,161,2,1100,775,775,906,906,67532,67651,66250,66347
16,162,163,2,1400,776,776,907,907,67652,67771,66348,66445
17,163,162,2,1400,777,777,908,908,67772,67891,66446,66543
16,163,164,4,2400,778,778,909,909,67892,68011,66544,66641
17,164,163,4,2400,779,779,910,910,68012,68131,66642,66739
16,164,165,3,2800,780,780,911,911,68132,68251,66740,66837
16,165,132,4,2000,781,786,912,912,68252,68371,66838,66935
17,165,164,3,2800,787,787,913,913,68372,68491,66936,67033
17,166,132,2,1100,788,793,914,914,68492,68730,67034,67228
16,166,167,2,1200,794,794,915,915,68731,68969,67229,67423
16,167,138,2,800,795,797,916,916,68970,69208,67424,67618
17,167,166,2,1200,798,798,917,917,69209,69447,67619,67813
16,168,87,3,1900,799,801,918,918,69448,69686,67814,68008
17,168,138,2,900,802,804,919,919,69687,69925,68009,68203
17,169,87,2,1300,805,807,920,922,69926,70164,68204,68398
16,169,170,2,700,808,812,923,925,70165,70403,68399,68593
19,169,187,3,1500,813,813,926,928,70404,70570,68594,68746
18,169,188,2,1000,814,814,929,931,70571,70741,68747,68907
17,170,169,2,700,815,817,932,936,70742,70980,68908,69102
16,170,171,2,1100,818,818,937,941,70981,71219,69103,69297
21,170,216,2,1000,819,819,942,944,71220,71311,69298,69389
23,170,216,2,1000,820,820,945,947,71312,71401,69390,69479
20,170,217,3,1500,821,821,948,950,71402,71493,69480,69571
22,170,217,3,1500,822,822,951,953,71494,71585,69572,69663
16,171,12,2,700,823,827,954,954,71586,71824,69664,69858
17,171,170,2,1100,828,832,955,955,71825,72063,69859,70053
17,172,12,2,1100,833,837,956,957,72064,72302,70054,70248
16,172,173,2,1200,838,838,958,959,72303,72541,70249,70443
28,172,215,3,1300,839,843,960,961,72542,72664,70444,70548
17,173,172,2,1200,844,845,962,962,72665,72903,70549,70743
16,173,174,3,1300,846,846,963,963,72904,73142,70744,70938
16,174,69,2,1200,847,849,964,964,73143,73381,70939,71133
17,174,173,3,1300,850,850,965,965,73382,73620,71134,71328
17,175,69,3,1500,851,853,966,966,73621,73859,71329,71523
16,175,176,2,1000,854,858,967,967,73860,74098,71524,71718
17,176,175,2,1000,859,859,968,972,74099,74337,71719,71913
16,176,177,2,900,860,860,973,977,74338,74576,71914,72108
21,176,212,2,1000,861,861,978,980,74577,74668,72109,72200
23,176,212,2,1000,862,862,981,983,74669,74758,72201,72290
20,176,213,2,1000,863,863,984,986,74759,74850,72291,72382
22,176,213,2,1000,864,864,987,989,74851,74942,72383,72474
17,177,176,2,900,865,869,990,990,74943,75181,72475,72669
16,177,178,2,800,870,870,991,991,75182,75420,72670,72864
17,178,177,2,800,871,871,992,992,75421,75659,72865,73059
16,178,179,2,1100,872,872,993,993,75660,75898,73060,73254
17,179,178,2,1100,873,873,994,994,75899,76137,73255,73449
16,179,180,2,1500,874,874,995,995,76138,76376,73450,73644
17,180,179,2,1500,875,875,996,996,76377,76615,73645,73839
16,180,181,2,1000,876,876,997,997,76616,76735,73840,74034
17,181,180,2,1000,877,877,998,998,76736,76855,74035,74229
16,181,182,2,900,878,878,999,999,76856,76975,74230,74424
17,182,181,2,900,879,879,1000,1000,76976,77095,74425,74619
16,182,183,2,1200,880,880,1001,1001,77096,77215,74620,74814
17,183,182,2,1200,881,881,1002,1002,77216,77335,74815,75009
16,183,184,1,700,-1,-1,1003,1003,77336,77455,75010,75204
17,184,183,1,700,882,882,-1,-1,77456,77575,75205,75399
18,185,42,4,2400,883,889,-1,-1,77576,77746,75400,75560
19,186,42,2,1100,890,896,1004,1004,77747,77913,75561,75713
18,186,187,4,2400,897,897,1005,1005,77914,78084,75714,75874
18,187,169,3,1500,898,900,1006,1006,78085,78255,75875,76035
19,187,186,4,2400,901,901,1007,1007,78256,78422,76036,76188
19,188,169,2,1000,902,904,1008,1008,78423,78589,76189,76341
18,188,189,2,1000,905,905,1009,1009,78590,78760,76342,76502
19,189,188,2,1000,906,906,1010,1010,78761,78927,76503,76655
18,189,190,2,1000,907,907,1011,1011,78928,79098,76656,76816
18,190,142,2,1000,908,910,1012,1012,79099,79269,76817,76977
19,190,189,2,1000,911,911,1013,1013,79270,79436,76978,77130
19,191,60,3,1700,912,916,1014,1014,79437,79603,77131,77283
18,191,192,3,2000,917,917,1015,1015,79604,79774,77284,77444
19,192,191,3,2000,918,918,1016,1016,79775,79941,77445,77597
18,192,193,2,1300,919,919,1017,1017,79942,80112,77598,77758
19,193,192,2,1300,920,920,1018,1018,80113,80279,77759,77911
18,193,194,3,1900,921,921,1019,1019,80280,80450,77912,78072
19,194,193,3,1900,922,922,1020,1020,80451,80617,78073,78225
18,194,195,3,1900,923,923,1021,1021,80618,80788,78226,78386
19,195,194,3,1900,924,924,1022,1022,80789,80955,78387,78539
18,195,196,3,1300,925,925,1023,1023,80956,81126,78540,78700
19,196,195,3,1300,926,926,1024,1024,81127,81293,78701,78853
18,196,197,4,2300,927,927,1025,1025,81294,81464,78854,79014
19,197,196,4,2300,928,928,1026,1026,81465,81628,79015,79164
18,197,198,4,6500,929,929,1027,1027,81629,81799,79165,79325
19,198,197,4,6500,930,930,1028,1028,81800,81963,79326,79475
18,198,199,7,3900,931,931,1029,1029,81964,82134,79476,79636
19,199,198,7,3900,932,932,1030,1030,82135,82298,79637,79786
18,199,200,3,2200,933,933,1031,1031,82299,82434,79787,79947
19,200,199,3,2200,934,934,1032,1032,82435,82563,79948,80097
18,200,201,4,3400,935,935,1033,1033,82564,82699,80098,80258
19,201,200,4,3400,936,936,1034,1034,82700,82828,80259,80408
18,201,202,4,2700,937,937,1035,1035,82829,82964,80409,80569
19,202,201,4,2700,938,938,1036,1036,82965,83093,80570,80719
18,202,203,3,1800,939,939,1037,1037,83094,83229,80720,80880
19,203,202,3,1800,940,940,1038,1038,83230,83358,80881,81030
18,203,204,3,2300,941,941,1039,1039,83359,83494,81031,81191
19,204,203,3,2300,942,942,1040,1040,83495,83623,81192,81341
18,204,205,4,2600,-1,-1,1041,1041,83624,83759,81342,81502
19,205,204,4,2600,943,943,-1,-1,83760,83888,81503,81652
20,206,207,1,800,944,944,-1,-1,83889,83980,81653,81744
22,206,207,1,800,945,945,-1,-1,83981,84072,81745,81836
21,207,206,1,800,-1,-1,1042,1042,84073,84164,81837,81928
23,207,206,1,800,-1,-1,1043,1043,84165,84254,81929,82018
20,207,208,2,1100,946,946,1044,1044,84255,84346,82019,82110
22,207,208,2,1100,947,947,1045,1045,84347,84438,82111,82202
21,208,207,2,1100,948,948,1046,1046,84439,84530,82203,82294
23,208,207,2,1100,949,949,1047,1047,84531,84620,82295,82384
20,208,209,3,1500,950,950,1048,1048,84621,84712,82385,82476
22,208,209,3,1500,951,951,1049,1049,84713,84804,82477,82568
21,209,208,3,1500,952,952,1050,1050,84805,84896,82569,82660
23,209,208,3,1500,953,953,1051,1051,84897,84986,82661,82750
20,209,210,2,1100,954,954,1052,1052,84987,85078,82751,82842
22,209,210,2,1100,955,955,1053,1053,85079,85170,82843,82934
21,210,209,2,1100,956,956,1054,1054,85171,85262,82935,83026
23,210,209,2,1100,957,957,1055,1055,85263,85352,83027,83116
20,210,211,2,1000,958,958,1056,1056,85353,85444,83117,83208
22,210,211,2,1000,959,959,1057,1057,85445,85536,83209,83300
21,211,210,2,1000,960,960,1058,1058,85537,85628,83301,83392
23,211,210,2,1000,961,961,1059,1059,85629,85718,83393,83482
20,211,212,2,1000,962,962,1060,1060,85719,85810,83483,83574
22,211,212,2,1000,963,963,1061,1061,85811,85902,83575,83666
20,212,176,2,1000,964,966,1062,1062,85903,85994,83667,83758
22,212,176,2,1000,967,969,1063,1063,85995,86086,83759,83850
21,212,211,2,1000,970,970,1064,1064,86087,86178,83851,83942
23,212,211,2,1000,971,971,1065,1065,86179,86268,83943,84032
20,213,96,2,1000,972,974,1066,1066,86269,86360,84033,84124
22,213,96,2,1000,975,977,1067,1067,86361,86452,84125,84216
21,213,176,2,1000,978,980,1068,1068,86453,86544,84217,84308
23,213,176,2,1000,981,983,1069,1069,86545,86634,84309,84398
21,214,96,3,1500,984,986,1070,1070,86635,86726,84399,84490
23,214,96,3,1500,987,989,1071,1071,86727,86816,84491,84580
20,214,215,2,1000,990,992,1072,1072,86817,86908,84581,84672
22,214,215,2,1000,993,995,1073,1073,86909,87000,84673,84764
20,215,39,2,1000,996,998,1074,1076,87001,87092,84765,84856
22,215,39,2,1000,999,1001,1077,1079,87093,87184,84857,84948
29,215,172,3,1300,1002,1003,1080,1084,87185,87281,84949,85051
21,215,214,2,1000,1004,1004,1085,1087,87282,87373,85052,85143
23,215,214,2,1000,1005,1005,1088,1090,87374,87463,85144,85233
28,215,259,3,1500,1006,1006,1091,1095,87464,87586,85234,85338
21,216,39,3,1500,1007,1009,1096,1096,87587,87678,85339,85430
23,216,39,3,1500,1010,1012,1097,1097,87679,87768,85431,85520
20,216,170,2,1000,1013,1015,1098,1098,87769,87860,85521,85612
22,216,170,2,1000,1016,1018,1099,1099,87861,87952,85613,85704
20,217,10,3,1500,1019,1021,1100,1100,87953,88044,85705,85796
22,217,10,3,1500,1022,1024,1101,1101,88045,88136,85797,85888
21,217,170,3,1500,1025,1027,1102,1102,88137,88228,85889,85980
23,217,170,3,1500,1028,1030,1103,1103,88229,88318,85981,86070
21,218,10,2,1000,1031,1033,1104,1104,88319,88410,86071,86162
23,218,10,2,1000,1034,1036,1105,1105,88411,88500,86163,86252
20,218,219,3,1500,1037,1041,1106,1106,88501,88592,86253,86344
22,218,219,3,1500,1042,1046,1107,1107,88593,88684,86345,86436
25,219,7,3,1000,1047,1051,1108,1112,88685,88782,86437,86507
27,219,7,3,1000,1052,1056,1113,1117,88783,88879,86508,86577
24,219,36,3,2000,1057,1059,1118,1122,88880,88981,86578,86651
26,219,36,3,2000,1060,1062,1123,1127,88982,89082,86652,86724
20,219,61,2,1000,1063,1067,1128,1132,89083,89174,86725,86816
22,219,61,2,1000,1068,1072,1133,1137,89175,89266,86817,86908
21,219,218,3,1500,1073,1073,1138,1142,89267,89358,86909,87000
23,219,218,3,1500,1074,1074,1143,1147,89359,89448,87001,87090
21,220,61,2,1000,1075,1079,1148,1148,89449,89540,87091,87182
23,220,61,2,1000,1080,1084,1149,1149,89541,89630,87183,87272
20,220,221,3,1500,1085,1085,1150,1150,89631,89722,87273,87364
22,220,221,3,1500,1086,1086,1151,1151,89723,89814,87365,87456
21,221,220,3,1500,1087,1087,1152,1152,89815,89906,87457,87548
23,221,220,3,1500,1088,1088,1153,1153,89907,89996,87549,87638
20,221,222,2,1000,1089,1089,1154,1154,89997,90088,87639,87730
22,221,222,2,1000,1090,1090,1155,1155,90089,90180,87731,87822
21,222,221,2,1000,1091,1091,1156,1156,90181,90272,87823,87914
23,222,221,2,1000,1092,1092,1157,1157,90273,90362,87915,88004
20,222,223,2,1000,1093,1094,1158,1158,90363,90454,88005,88096
22,222,223,2,1000,1095,1096,1159,1159,90455,90546,88097,88188
21,223,222,2,1000,1097,1097,1160,1161,90547,90638,88189,88280
23,223,222,2,1000,1098,1098,1162,1163,90639,90728,88281,88370
20,223,224,4,2200,1099,1099,1164,1166,90729,90820,88371,88462
22,223,227,2,1000,1100,1100,1167,1169,90821,90912,88463,88554
21,224,223,4,2200,1101,1103,1170,1170,90913,91004,88555,88646
20,224,225,2,1300,1104,1104,1171,1171,91005,91096,88647,88738
21,225,224,2,1300,1105,1105,1172,1172,91097,91188,88739,88830
20,225,226,3,1500,-1,-1,1173,1173,91189,91280,88831,88922
21,226,225,3,1500,1106,1106,-1,-1,91281,91372,88923,89014
23,227,223,2,1000,1107,1109,1174,1174,91373,91462,89015,89104
22,227,228,3,1000,1110,1110,1175,1175,91463,91554,89105,89196
22,228,30,4,1600,1111,1113,1176,1176,91555,91646,89197,89288
23,228,227,3,1000,1114,1114,1177,1177,91647,91736,89289,89378
24,229,230,3,2000,1115,1115,1178,1178,91737,91838,89379,89452
26,229,230,3,2000,1116,1116,1179,1179,91839,91855,89453,89465
32,229,276,4,5200,1117,1117,1180,1181,91856,91951,89466,89561
25,230,229,3,2000,1118,1118,1182,1182,91952,92049,89562,89632
27,230,229,3,2000,1119,1119,1183,1183,92050,92062,89633,89644
24,230,231,5,3000,1120,1120,1184,1184,92063,92164,89645,89718
26,230,231,5,3000,1121,1121,1185,1185,92165,92181,89719,89731
25,231,230,5,3000,1122,1122,1186,1186,92182,92279,89732,89802
27,231,230,5,3000,1123,1123,1187,1187,92280,92292,89803,89814
24,231,232,3,1500,1124,1124,1188,1188,92293,92394,89815,89888
26,231,232,3,1500,1125,1125,1189,1189,92395,92411,89889,89901
25,232,231,3,1500,1126,1126,1190,1190,92412,92509,89902,89972
27,232,231,3,1500,1127,1127,1191,1191,92510,92522,89973,89984
24,232,233,2,1200,1128,1128,1192,1192,92523,92624,89985,90058
26,232,233,2,1200,1129,1129,1193,1193,92625,92641,90059,90071
24,233,132,5,3000,1130,1133,1194,1194,92642,92743,90072,90145
26,233,132,5,3000,1134,1137,1195,1195,92744,92844,90146,90218
25,233,232,2,1200,1138,1138,1196,1196,92845,92942,90219,90289
27,233,232,2,1200,1139,1139,1197,1197,92943,92955,90290,90301
25,234,132,3,2000,1140,1143,1198,1198,92956,93053,90302,90372
27,234,132,3,2000,1144,1147,1199,1199,93054,93150,90373,90442
24,234,235,2,800,1148,1148,1200,1200,93151,93252,90443,90516
26,234,235,2,800,1149,1149,1201,1201,93253,93353,90517,90589
25,235,234,2,800,1150,1150,1202,1202,93354,93451,90590,90660
27,235,234,2,800,1151,1151,1203,1203,93452,93548,90661,90730
24,235,236,2,1200,1152,1152,1204,1204,93549,93650,90731,90804
26,235,236,2,1200,1153,1153,1205,1205,93651,93751,90805,90877
25,236,235,2,1200,1154,1154,1206,1206,93752,93849,90878,90948
27,236,235,2,1200,1155,1155,1207,1207,93850,93946,90949,91018
24,236,237,3,1500,1156,1156,1208,1208,93947,94048,91019,91092
26,236,237,3,1500,1157,1157,1209,1209,94049,94149,91093,91165
24,237,7,3,2000,1158,1162,1210,1210,94150,94251,91166,91239
26,237,7,3,2000,1163,1167,1211,1211,94252,94352,91240,91312
25,237,236,3,1500,1168,1168,1212,1212,94353,94450,91313,91383
27,237,236,3,1500,1169,1169,1213,1213,94451,94547,91384,91453
25,238,36,3,1400,1170,1172,1214,1214,94548,94645,91454,91524
27,238,36,3,1400,1173,1175,1215,1215,94646,94742,91525,91594
24,238,64,2,1000,1176,1180,1216,1216,94743,94845,91595,91669
26,238,64,2,1000,1181,1185,1217,1217,94846,94947,91670,91743
25,239,64,2,800,1186,1190,1218,1218,94948,95045,91744,91814
27,239,64,2,800,1191,1195,1219,1219,95046,95142,91815,91884
24,239,240,2,1200,1196,1196,1220,1220,95143,95245,91885,91959
26,239,240,2,1200,1197,1197,1221,1221,95246,95347,91960,92033
25,240,239,2,1200,1198,1198,1222,1222,95348,95445,92034,92104
27,240,239,2,1200,1199,1199,1223,1223,95446,95542,92105,92174
24,240,241,3,1600,1200,1200,1224,1224,95543,95645,92175,92249
26,240,241,3,1600,1201,1201,1225,1225,95646,95747,92250,92323
25,241,240,3,1600,1202,1202,1226,1226,95748,95845,92324,92394
27,241,240,3,1600,1203,1203,1227,1227,95846,95942,92395,92464
24,241,242,2,1400,1204,1204,1228,1228,95943,96045,92465,92539
26,241,242,2,1400,1205,1205,1229,1229,96046,96147,92540,92613
25,242,241,2,1400,1206,1206,1230,1230,96148,96245,92614,92684
27,242,241,2,1400,1207,1207,1231,1231,96246,96342,92685,92754
24,242,243,3,1400,1208,1208,1232,1232,96343,96445,92755,92829
26,242,243,3,1400,1209,1209,1233,1233,96446,96547,92830,92903
25,243,242,3,1400,1210,1210,1234,1234,96548,96645,92904,92974
27,243,242,3,1400,1211,1211,1235,1235,96646,96742,92975,93044
24,243,244,2,1300,1212,1212,1236,1236,96743,96845,93045,93119
26,243,244,2,1300,1213,1213,1237,1237,96846,96947,93120,93193
25,244,243,2,1300,1214,1214,1238,1238,96948,97045,93194,93264
27,244,243,2,1300,1215,1215,1239,1239,97046,97142,93265,93334
24,244,245,2,1700,1216,1216,1240,1240,97143,97245,93335,93409
26,244,245,2,1700,1217,1217,1241,1241,97246,97347,93410,93483
25,245,244,2,1700,1218,1218,1242,1242,97348,97445,93484,93554
27,245,244,2,1700,1219,1219,1243,1243,97446,97542,93555,93624
24,245,246,4,3300,1220,1220,1244,1244,97543,97645,93625,93699
26,245,246,4,3300,1221,1221,1245,1245,97646,97747,93700,93773
25,246,245,4,3300,1222,1222,1246,1246,97748,97845,93774,93844
27,246,245,4,3300,1223,1223,1247,1247,97846,97942,93845,93914
24,246,247,6,5900,1224,1224,1248,1248,97943,98045,93915,93989
26,246,247,6,5900,1225,1225,1249,1249,98046,98147,93990,94063
25,247,246,6,5900,1226,1226,1250,1250,98148,98245,94064,94134
27,247,246,6,5900,1227,1227,1251,1251,98246,98342,94135,94204
24,247,248,3,2900,1228,1229,1252,1252,98343,98445,94205,94279
26,247,248,3,2900,1230,1231,1253,1253,98446,98547,94280,94353
25,248,247,3,2900,1232,1232,1254,1255,98548,98645,94354,94424
27,248,247,3,2900,1233,1233,1256,1257,98646,98742,94425,94494
24,248,249,3,1900,1234,1234,1258,1260,98743,98845,94495,94569
26,248,252,4,3000,1235,1235,1261,1263,98846,98947,94570,94643
25,249,248,3,1900,1236,1238,1264,1264,98948,99045,94644,94714
24,249,250,4,4000,1239,1239,1265,1265,99046,99148,94715,94789
25,250,249,4,4000,1240,1240,1266,1266,99149,99246,94790,94860
24,250,251,2,2000,-1,-1,1267,1267,99247,99349,94861,94935
25,251,250,2,2000,1241,1241,-1,-1,99350,99447,94936,95006
27,252,248,4,3000,1242,1244,1268,1268,99448,99544,95007,95076
26,252,253,6,5000,1245,1245,1269,1269,99545,99646,95077,95150
27,253,252,6,5000,1246,1246,1270,1270,99647,99743,95151,95220
26,253,254,3,2500,1247,1247,1271,1271,99744,99845,95221,95294
27,254,253,3,2500,1248,1248,1272,1272,99846,99942,95295,95364
26,254,255,2,1900,1249,1249,1273,1273,99943,100044,95365,95438
27,255,254,2,1900,1250,1250,1274,1274,100045,100141,95439,95508
26,255,256,3,1200,1251,1251,1275,1275,100142,100241,95509,95580
27,256,255,3,1200,1252,1252,1276,1276,100242,100337,95581,95649
26,256,257,3,4000,1253,1253,1277,1277,100338,100437,95650,95721
27,257,256,3,4000,1254,1254,1278,1278,100438,100533,95722,95790
26,257,258,2,1700,-1,-1,1279,1279,100534,100633,95791,95862
27,258,257,2,1700,1255,1255,-1,-1,100634,100729,95863,95931
29,259,215,3,1500,1256,1260,1280,1280,100730,100826,95932,96034
28,259,260,2,1500,1261,1261,1281,1281,100827,100949,96035,96139
28,260,94,2,1100,1262,1264,1282,1282,100950,101072,96140,96244
29,260,259,2,1500,1265,1265,1283,1283,101073,101169,96245,96347
29,261,94,2,1500,1266,1268,1284,1284,101170,101266,96348,96450
28,261,262,2,1200,1269,1269,1285,1285,101267,101389,96451,96555
29,262,261,2,1200,1270,1270,1286,1286,101390,101510,96556,96658
28,262,263,3,1500,1271,1271,1287,1287,101511,101633,96659,96763
29,263,262,3,1500,1272,1272,1288,1288,101634,101754,96764,96866
28,263,264,2,1200,1273,1273,1289,1289,101755,101877,96867,96971
29,264,263,2,1200,1274,1274,1290,1290,101878,101998,96972,97074
28,264,265,2,1000,1275,1275,1291,1291,101999,102121,97075,97179
29,265,264,2,1000,1276,1276,1292,1292,102122,102242,97180,97282
28,265,266,3,1500,1277,1277,1293,1293,102243,102365,97283,97387
28,266,114,3,1100,1278,1280,1294,1294,102366,102488,97388,97492
29,266,265,3,1500,1281,1281,1295,1295,102489,102609,97493,97595
29,267,114,2,1500,1282,1284,1296,1296,102610,102730,97596,97698
28,267,268,2,1100,1285,1285,1297,1297,102731,102829,97699,97803
29,268,267,2,1100,1286,1286,1298,1298,102830,102950,97804,97906
28,268,269,3,1000,1287,1287,1299,1299,102951,103049,97907,98011
29,269,268,3,1000,1288,1288,1300,1300,103050,103170,98012,98114
28,269,270,3,2300,-1,-1,1301,1301,103171,103269,98115,98219
29,270,269,3,2300,1289,1289,-1,-1,103270,103390,98220,98322
30,271,272,2,1500,1290,1290,-1,-1,103391,103488,98323,98420
31,272,271,2,1500,-1,-1,1302,1302,103489,103586,98421,98518
30,272,273,4,2100,1291,1291,1303,1303,103587,103684,98519,98616
31,273,272,4,2100,1292,1292,1304,1304,103685,103782,98617,98714
30,273,274,2,1200,1293,1293,1305,1305,103783,103880,98715,98812
31,274,273,2,1200,1294,1294,1306,1306,103881,103978,98813,98910
30,274,275,3,1400,1295,1295,1307,1307,103979,104076,98911,99008
30,275,63,6,3200,1296,1299,1308,1308,104077,104174,99009,99106
31,275,274,3,1400,1300,1300,1309,1309,104175,104272,99107,99204
33,276,229,4,5200,1301,1302,1310,1310,104273,104370,99205,99302
32,276,277,4,4000,1303,1303,1311,1311,104371,104466,99303,99398
33,277,276,4,4000,1304,1304,1312,1312,104467,104564,99399,99496
32,277,278,3,3000,1305,1305,1313,1313,104565,104660,99497,99592
33,278,277,3,3000,1306,1306,1314,1314,104661,104758,99593,99690
32,278,279,4,4000,1307,1307,1315,1315,104759,104854,99691,99786
33,279,278,4,4000,1308,1308,1316,1316,104855,104952,99787,99884
32,279,280,5,5200,1309,1309,1317,1317,104953,105048,99885,99980
33,280,279,5,5200,1310,1310,1318,1318,105049,105145,99981,100077
32,280,281,5,6200,1311,1311,1319,1319,105146,105241,100078,100173
33,281,280,5,6200,1312,1312,1320,1320,105242,105338,100174,100270
32,281,282,6,5200,1313,1313,1321,1321,105339,105434,100271,100366
33,282,281,6,5200,1314,1314,1322,1322,105435,105530,100367,100462
32,282,283,8,8100,1315,1315,1323,1323,105531,105626,100463,100558
33,283,282,8,8100,1316,1316,1324,1324,105627,105722,100559,100654
32,283,284,6,8100,1317,1317,1325,1325,105723,105818,100655,100750
33,284,283,6,8100,1318,1318,1326,1326,105819,105914,100751,100846
32,284,285,3,3000,-1,-1,1327,1327,105915,106010,100847,100942
33,285,284,3,3000,1319,1319,-1,-1,106011,106106,100943,101038
35,286,4,9,12000,1320,1322,1328,1328,106107,106125,101039,101052
34,286,287,6,3500,1323,1323,1329,1329,106126,106144,101053,101066
37,287,4,12,15500,1324,1326,1330,1330,-1,-1,101067,101068
35,287,286,6,3500,1327,1327,1331,1331,106145,106163,101069,101082
34,287,288,7,7000,1328,1328,1332,1332,106164,106182,101083,101096
36,287,290,15,20900,1329,1329,1333,1333,-1,-1,101097,101098
35,288,287,7,7000,1330,1330,1334,1334,106183,106201,101099,101112
34,288,289,7,6900,1331,1331,1335,1335,106202,106220,101113,101126
35,289,288,7,6900,1332,1332,1336,1336,106221,106239,101127,101140
34,289,290,7,7000,1333,1333,1337,1337,106240,106258,101141,101154
37,290,287,15,20900,1334,1334,1338,1338,-1,-1,101155,101156
35,290,289,7,7000,1335,1335,1339,1339,106259,106277,101157,101170
34,290,291,7,7000,1336,1336,1340,1340,106278,106296,101171,101184
36,290,292,14,20000,-1,-1,1341,1341,-1,-1,101185,101186
35,291,290,7,7000,1337,1337,1342,1342,106297,106315,101187,101200
34,291,292,11,13000,-1,-1,1343,1343,106316,106334,101201,101214
39,292,4,32,56400,1338,1340,-1,-1,106335,106351,101215,101234
37,292,290,14,20000,1341,1341,-1,-1,-1,-1,101235,101236
35,292,291,11,13000,1342,1342,-1,-1,106352,106370,101237,101250
45,293,46,6,360,1343,1344,1344,1344,-1,-1,-1,-1
42,293,294,2,600,1345,1345,1345,1345,106371,106443,101251,101323
43,294,293,2,600,1346,1346,1346,1346,106444,106515,101324,101395
42,294,295,2,600,1347,1347,1347,1347,106516,106588,101396,101468
43,295,294,2,600,1348,1348,1348,1348,106589,106660,101469,101540
42,295,296,2,600,1349,1349,1349,1349,106661,106733,101541,101613
43,296,295,2,600,1350,1350,1350,1350,106734,106805,101614,101685
42,296,297,4,1000,1351,1351,1351,1351,106806,106878,101686,101758
43,297,296,4,1000,1352,1352,1352,1352,106879,106950,101759,101830
42,297,298,2,600,1353,1353,1353,1353,106951,107023,101831,101903
43,298,297,2,600,1354,1354,1354,1354,107024,107095,101904,101975
42,298,299,2,600,1355,1355,1355,1355,107096,107168,101976,102048
43,299,298,2,600,1356,1356,1356,1356,107169,107240,102049,102120
42,299,300,2,600,1357,1357,1357,1357,107241,107313,102121,102193
43,300,299,2,600,1358,1358,1358,1358,107314,107385,102194,102265
42,300,301,2,600,1359,1359,1359,1359,107386,107458,102266,102338
43,301,300,2,600,1360,1360,1360,1360,107459,107530,102339,102410
42,301,302,4,1000,1361,1361,1361,1361,107531,107603,102411,102483
43,302,301,4,1000,1362,1362,1362,1362,107604,107675,102484,102555
42,302,303,2,600,1363,1363,1363,1363,107676,107748,102556,102628
43,303,302,2,600,1364,1364,1364,1364,107749,107820,102629,102700
42,303,304,2,600,1365,1365,1365,1365,107821,107893,102701,102773
43,304,303,2,600,1366,1366,1366,1366,107894,107965,102774,102845
42,304,305,2,600,1367,1367,1367,1367,107966,108038,102846,102918
43,305,304,2,600,1368,1368,1368,1368,108039,108110,102919,102990
42,305,306,4,1000,1369,1369,1369,1369,108111,108183,102991,103063
43,306,305,4,1000,1370,1370,1370,1370,108184,108255,103064,103135
42,306,307,3,800,-1,-1,1371,1371,108256,108328,103136,103208
43,307,306,3,800,1371,1371,-1,-1,108329,108400,103209,103280