SHMW01A,0,2,0,1,2,3,4,5,6,7,8,9,10,11,12,13,14,15,16,17,18,19,20,21,22,23,24,25,26,27
SHMW01B,0,2,27,26,25,24,23,22,21,20,19,18,17,16,15,14,13,12,11,10,9,8,7,6,5,4,3,2,1,0
SHMW02A,1,2,28,29,30,31,32,33,34,35,36,37,38,12,39,40,41,42,43,44,45,46,47,48
SHMW02B,1,2,48,47,46,45,44,43,42,41,40,39,12,38,37,36,35,34,33,32,31,30,29,28
SHMW02C,1,4,48,49,50,51,52,53,54,55,56
SHMW02D,1,4,56,55,54,53,52,51,50,49,48
SHMW03A,2,4,4,57,58,59,60,61,62,35,63,64,65,66,15,67,68,69,70,71,72,73,74,75,76,77,78,79,80,81,82
SHMW03B,2,4,82,81,80,79,78,77,76,75,74,73,72,71,70,69,68,67,15,66,65,64,63,35,62,61,60,59,58,57,4
SHMW04A,3,4,60,6,83,84,85,86,87,88,89,90,91,42,92,93,94,95,96,67,15,66,65,64,63,35,62,61,60
SHMW04B,3,4,60,61,62,35,63,64,65,66,15,67,96,95,94,93,92,42,91,90,89,88,87,86,85,84,83,6,60
SHMW05A,4,3,0,97,98,99,100,101,102,103,104,105,106
SHMW05B,4,3,106,105,104,103,102,101,100,99,98,97,0
SHMW06A,5,3,107,108,109,110,111,112,113,114,115,116,117,118,119,120,121,122,42,123,90,124,125,126,127,128,129,130,131,132
SHMW06B,5,3,132,131,130,129,128,127,126,125,124,90,123,42,122,121,120,119,118,117,116,115,114,113,112,111,110,109,108,107
SHMW07A,6,4,133,45,134,135,136,126,137,138,139,140,141,84,142,9,37,143,144,65,145,146,147,148,149,150,151,152,153,154,155,156,157,158,159
SHMW07B,6,4,159,158,157,156,155,154,153,152,151,150,149,148,147,146,145,65,144,143,37,9,142,84,141,140,139,138,137,126,136,135,134,45,133
SHMW08A,7,3,160,161,162,163,164,165,132,166,167,138,168,87,169,170,171,12,172,173,174,69,175,176,177,178,179,180,181,182,183,184
SHMW08B,7,3,184,183,182,181,180,179,178,177,176,175,69,174,173,172,12,171,170,169,87,168,138,167,166,132,165,164,163,162,161,160
SHMW09A,8,3,185,42,186,187,169,188,189,190,142,7,60,191,192,193,194,195,196,197,198,199,200,201,202,203,204,205
SHMW09B,8,3,205,204,203,202,201,200,199,198,197,196,195,194,193,192,191,60,7,142,190,189,188,169,187,186,42,185
SHMW10A,9,6,206,207,208,209,210,211,212,176,213,96,214,215,39,216,170,217,10,218,219,61,220,221,222,223,224,225,226
SHMW10B,9,6,226,225,224,223,222,221,220,61,219,218,10,217,170,216,39,215,214,96,213,176,212,211,210,209,208,207,206
SHMW10C,9,6,206,207,208,209,210,211,212,176,213,96,214,215,39,216,170,217,10,218,219,61,220,221,222,223,227,228,30,29
SHMW10D,9,6,29,30,228,227,223,222,221,220,61,219,218,10,217,170,216,39,215,214,96,213,176,212,211,210,209,208,207,206
SHMW11A,10,10,229,230,231,232,233,132,234,235,236,237,7,219,36,238,64,239,240,241,242,243,244,245,246,247,248,249,250,251
SHMW11B,10,10,251,250,249,248,247,246,245,244,243,242,241,240,239,64,238,36,219,7,237,236,235,234,132,233,232,231,230,229
SHMW11C,10,10,229,230,231,232,233,132,234,235,236,237,7,219,36,238,64,239,240,241,242,243,244,245,246,247,248,252,253,254,255,256,257,258
SHMW11D,10,10,258,257,256,255,254,253,252,248,247,246,245,244,243,242,241,240,239,64,238,36,219,7,237,236,235,234,132,233,232,231,230,229
SHMW12A,11,4,172,215,259,260,94,261,262,263,264,265,266,114,267,268,269,270
SHMW12B,11,4,270,269,268,267,114,266,265,264,263,262,261,94,260,259,215,172
SHMW13A,12,5,271,272,273,274,275,63
SHMW13B,12,5,63,275,274,273,272,271
SHMW16A,13,10,229,276,277,278,279,280,281,282,283,284,285
SHMW16B,13,10,285,284,283,282,281,280,279,278,277,276,229
SHMW22A,14,24,4,286,287,288,289,290,291,292
SHMW22B,14,24,292,291,290,289,288,287,286,4
SHMW22C,14,300,4,287,290,292
SHMW22D,14,300,292,290,287,4
SHMW22E,14,24,4,292
SHMW22F,14,24,292,4
SHMWCFA,15,10,45,56
SHMWCFB,15,10,56,45
SHMWZJA,16,10,293,294,295,296,297,298,299,300,301,302,303,304,305,306,307
SHMWZJB,16,10,307,306,305,304,303,302,301,300,299,298,297,296,295,294,293
SHWW01A,17,0,46,293
SHWW01B,17,0,293,46